country,cpi_cagr,cpi_years,eq_tr_cagr,eq_tr_years,housing_tr_cagr,housing_tr_years,bond_tr_cagr,bond_tr_years,bill_rate_cagr,bill_rate_years,real_eq_tr_cagr,real_eq_tr_years,real_housing_tr_cagr,real_housing_tr_years,real_bond_tr_cagr,real_bond_tr_years,real_bill_rate_cagr,real_bill_rate_years,real_housing_price_cagr,real_housing_price_years
Australia,0.029164952434518332,150,0.10232970423144105,151,0.09740928127894843,120,0.055882744460618916,121,0.04799969381037372,148,0.07182240745436674,150,0.05721992004463239,119,0.01794033587154198,120,0.0176984584292621,147,0.017992031669567643,149
Belgium,0.03745068469357049,150,0.07186404577837524,151,0.11304106433083749,120,0.05400955999775925,145,0.03660357303137762,147,0.03325518943597627,150,0.06332043674612375,119,0.014739642650958729,144,-0.001800037000679322,146,0.008484804464951257,141
Canada,0.022514512412795895,150,,0,,0,,0,,0,,0,,0,,0,,0,,0
Denmark,0.02738119359312896,150,0.0933208520637272,148,0.10971786670548123,145,0.057768089100976416,150,0.0551567316297521,146,0.06557254098730536,147,0.07870021034933794,144,0.029392792720725813,149,0.02631334424367493,145,0.010735344094179311,144
Finland,0.054888336676319094,150,0.1196922516935699,125,0.14216404272227146,99,0.07096989570358381,151,0.048112774333866515,151,0.04985926340646385,124,0.07870435208720594,98,0.014869754222425202,150,-0.006403312283978502,150,-0.001625428672335394,112
France,0.053575166632373605,150,0.06337041316440906,151,0.11551220367863313,150,0.05200540807701581,151,0.03942340306016012,144,0.011302554970055168,150,0.059707068772569816,149,0.00045071576144284364,150,-0.016084210345833516,143,0.012438063424651702,149
Germany,0.22398680617190014,150,0.2732996641279539,151,0.0908329735351503,116,0.0563549699164585,146,0.039841022179620156,145,0.04165895349935611,150,-0.1637876512558587,115,-0.142820219203048,145,-0.15772546015827216,144,-0.1881531409916678,123
Ireland,0.04113024125062137,98,,0,,0,,0,,0,,0,,0,,0,,0,,0
Italy,0.06276578326215865,150,0.08918269443146665,151,0.09604862582041762,86,0.06803384823614356,151,0.05732736278614681,131,0.024434498588008058,150,0.004979291795289331,85,0.00488390157822316,150,-0.014410298539180078,130,0.010608706726261241,92
Japan,0.05989788120139994,150,0.10685361121219317,133,0.09987697622261749,75,0.059526131537650295,140,0.04207315568320169,145,0.030688643128113258,132,-0.007282933080979159,74,-0.004571049282867667,139,-0.022096104567356778,144,0.022214378513340183,106
Netherlands,0.02207252894815226,150,0.08186348882874883,121,0.09318198871005556,150,0.04577324797416549,151,0.03382449539223131,151,0.05140655059690524,120,0.06978155827057875,149,0.023375434451276655,150,0.011474241294437304,150,0.011009613742849922,149
Norway,0.02910459354634387,150,0.07161445118684506,140,0.10960155270883298,150,0.05034501915993417,151,0.037766577898130205,151,0.03926052259372881,139,0.07787530260582765,149,0.020736598562310027,150,0.008402557949664269,150,0.01289534842644069,149
Portugal,0.05861208028875198,150,0.06772062831997938,150,0.13101183312308473,73,0.07452754193604383,150,0.05564254978462535,141,0.007332338154072637,149,0.06012015241879087,72,0.0132664041489019,149,-0.0063145550415170115,140,0.030729503561993,88
Spain,0.04515945401863797,150,0.09360461705355427,121,0.10432854916266487,120,0.06318824784496657,117,0.049167066778144086,147,0.03663329369046764,120,0.04628517057908699,119,0.005366629072937723,116,0.0026149736240512755,146,0.007714493784311438,119
Sweden,0.027806913380890474,150,0.09283092765350798,150,0.10968364726119306,138,0.055243194547525576,150,0.04315540730897305,151,0.06099603882714599,149,0.07742065162860712,137,0.026555186485163196,149,0.014921292474873615,150,0.010302536498415948,144
Switzerland,0.015585201518850456,150,0.071568247089703,121,0.0777793638172053,119,0.041258814766356844,120,0.02973111847449994,151,0.04868927941133672,120,0.05529918711824178,118,0.019041977743637473,119,0.013855264785229693,150,0.010093007683313893,118
UK,0.030351699195556803,150,0.08512150765353188,150,0.08763675202940702,118,0.04822812538728227,151,0.040181151485788824,151,0.05197723625171213,149,0.04574897767405628,117,0.01750564086910744,150,0.009602835180509528,150,0.008536678132766928,117
USA,0.01953547847664039,150,0.08971337992917006,149,0.08634079947099904,130,0.04501623508308672,150,0.040657768579486,151,0.06779820449505847,148,0.059985627239419914,129,0.02427584415084416,149,0.02059225391539976,150,0.008362008577056823,129
