country,real_housing_price_cagr,years
AUS,0.050992310385433726,51
AUT,0.05383226994209189,59
BEL,0.03350781213683551,48
BGR,0.1915172767472615,30
CAN,0.02772158241640854,66
CHE,0.03311818339330519,66
CHL,0.054626161240259874,33
COL,0.038058168963699845,26
CRI,0.05612834726651417,30
CZE,0.07310952943514937,31
DEU,0.03378832072017879,65
DNK,0.04517136965523094,58
ESP,0.05640124359072152,64
EST,0.05392265037014288,27
FIN,0.042617600669282885,66
FRA,0.043028228640808575,55
GBR,0.06360233102993607,63
GRC,0.04841013733195232,36
HRV,0.03760105346222553,26
HUN,0.07810987159185379,29
IRL,0.054411212047616786,66
ISL,0.06591942741378487,32
ISR,0.24820613397565694,55
ITA,0.057136186688070634,65
JPN,0.021832409145659648,55
KOR,0.027768922096632176,40
LTU,0.12003710365281584,32
LUX,0.019573981077115388,30
LVA,0.05587821867210718,30
MEX,0.17691566806437797,45
NLD,0.04367542499659094,65
NOR,0.03845864747245753,46
NZL,0.05695565219031962,69
POL,0.07825495032558205,30
PRT,0.07825698711885143,66
ROU,0.08671867098179842,23
RUS,0.09841530218929218,17
SVK,0.056832486434222895,30
SVN,0.04592733721443998,25
SWE,0.05470529017907033,62
TUR,0.37454521651353456,43
USA,0.04518007258597723,64
ZAF,0.03831884901518823,23
